OBJECTID,States_NAME,AREA,TOTPOP_CY,ISO_CODE,ISO3_CC,OBJECTID,States,Off_person,Off_properties,Off_law_Auth,Share_of_Total,Off_local_act,Total_cases,totpop_cy,popdensity_cy,totals_popdens_cy_i,totals_popprm_cy,Shape__Area,Shape__Length
1,Abia,4875.128773,3817811,NGAB,NGA,2,Abia,230,113,21,0.289371174,0,364,3817975,783.2,358,19.2,4952105714,597257.6496
2,FCT,7422.269598,3911806,NGFC,NGA,1,FCT,2984,9350,843,10.4785754,4,13181,3911874,527,241,19.6,7653301092,404449.7111
3,Adamawa,37944.9826,4360685,NGAD,NGA,3,Adamawa,779,1417,56,1.795850227,7,2259,4360685,114.9,52,21.9,39225372285,1472263.155
4,Akwa Ibom,6745.570486,5656597,NGAK,NGA,4,Akwa Ibom,840,333,232,1.121710788,6,1411,5656700,838.6,383,28.4,6840739000,440070.2049
5,Anambra,4746.499628,5667914,NGAN,NGA,5,Anambra,898,1413,142,2.014468559,81,2534,5667914,1194.1,546,28.4,4834581428,428141.0385
6,Bauchi,48666.86787,6745302,NGBA,NGA,6,Bauchi,812,1713,118,2.112250576,14,2657,6745302,138.6,63,33.8,50761453342,1590707.626
7,Bayelsa,9610.681558,2338146,NGBY,NGA,7,Bayelsa,612,837,91,1.225057636,1,1541,2337844,243.3,111,11.7,9741987667,580976.5477
8,Benue,31270.48962,5899699,NGBE,NGA,8,Benue,463,497,0,0.865728595,129,1089,5899699,188.7,86,29.6,31997809087,1020185.519
9,Borno,72309.16354,6046625,NGBO,NGA,9,Borno,423,479,3,0.933301534,269,1174,6046625,83.6,38,30.3,76005328420,1703327.931
10,Cross River,21057.32462,3968419,NGAK,NGA,10,Cross River,1134,1154,100,1.92622625,35,2423,3967877,188.4,86,19.9,21422124935,936462.9887
11,Delta,17031.28503,5831307,NGDE,NGA,11,Delta,3911,2502,1202,6.254074251,252,7867,5831307,342.4,156,29.3,17315462977,894612.4814
12,Ebonyi,6363.058081,2953388,NGEB,NGA,12,Ebonyi,572,595,44,0.962715637,0,1211,2953851,464.2,212,14.8,6482119979,506738.6661
13,Edo,19528.43045,4338397,NGED,NGA,13,Edo,697,307,0,0.798155656,0,1004,4338397,222.2,102,21.8,19923155549,950147.4461
14,Ekiti,5633.582369,3364262,NGEK,NGA,14,Ekiti,718,1008,103,1.454010653,0,1829,3364262,597.2,273,16.9,5774333752,357966.8364
15,Enugu,7658.422785,4532413,NGEN,NGA,15,Enugu,886,1094,124,1.672628985,0,2104,4532413,591.8,270,22.7,7809981315,514792.4659
16,Gombe,17401.43118,3353547,NGGO,NGA,16,Gombe,513,1350,19,1.779155736,356,2238,3353547,192.7,88,16.8,18099688842,671280.7629
17,Imo,5069.747027,5569151,NGIM,NGA,17,Imo,954,873,103,1.534303204,0,1930,5568913,1098.5,502,27.9,5151900747,382558.008
18,Jigawa,23324.73185,5982151,NGJI,NGA,18,Jigawa,321,214,37,0.513554337,74,646,5982151,256.5,117,30,24573710244,1308367.701
19,Kaduna,44047.35851,8479287,NGKD,NGA,19,Kaduna,338,502,129,0.799745608,37,1006,8479287,192.5,88,42.5,45819861551,1461832.853
20,Kano,20219.74693,13478802,NGKN,NGA,20,Kano,1981,2375,318,3.908895779,243,4917,13478802,666.6,305,67.6,21225824060,1017675.371
21,Katsina,23857.32339,8046663,NGKT,NGA,21,Katsina,51,65,4,0.09539709,0,120,8046663,337.3,154,40.4,25161855762,1059657.273
22,Kebbi,36255.97396,4566927,NGKE,NGA,22,Kebbi,656,370,21,0.918196995,108,1155,4566927,126,58,22.9,38062215253,1646629.741
23,Kogi,28660.26191,4596500,NGKO,NGA,23,Kogi,294,480,17,0.634390651,7,798,4596500,160.4,73,23.1,29380452277,1147598.59
24,Kwara,33878.80928,3280692,NGKW,NGA,24,Kwara,327,614,21,0.782256141,22,984,3280692,96.8,44,16.5,34947010488,1421971.887
25,Lagos,3610.066668,12922780,NGLA,NGA,25,Lagos,15426,22885,6768,36.07997456,306,45385,12922780,3579.6,1635,64.8,3681342391,489313.1222
26,Nassarawa,26813.71301,2592780,NGNA,NGA,26,Nassarawa,489,725,14,1.049367994,92,1320,2592780,96.7,44,13,27591994554,1100497.84
27,Niger,71958.66005,5733023,NGNI,NGA,27,Niger,528,1083,53,1.406312107,105,1769,5733023,79.7,36,28.8,74646866391,2147458.554
28,Ogun,16707.17165,5378078,NGOG,NGA,28,Ogun,1122,1112,145,1.891247317,0,2379,5378078,321.9,147,27,17070752607,1115326.514
29,Ondo,15262.1756,4800155,NGON,NGA,29,Ondo,1037,1934,521,2.776850306,1,3493,4800155,314.5,144,24.1,15588545193,957952.8718
30,Osun,8642.569824,4845129,NGOS,NGA,30,Osun,258,540,57,0.944431195,333,1188,4844931,560.6,256,24.3,8851973621,526726.6079
31,Oyo,27694.19461,8090326,NGOY,NGA,31,Oyo,1377,1752,314,2.737101518,0,3443,8090326,292.1,133,40.6,28448312171,970665.0133
32,Plateau,26777.72696,4302391,NGPL,NGA,32,Plateau,470,1938,145,2.029573098,0,2553,4302391,160.7,73,21.6,27662340933,1016439.642
33,Rivers,10073.517,7536301,NGRI,NGA,33,Rivers,1683,897,271,2.380157405,143,2994,7536301,748.1,342,37.8,10213844157,717622.6694
34,Sokoto,32249.70585,5135525,NGSO,NGA,34,Sokoto,496,1055,29,1.25606169,0,1580,5135525,159.2,73,25.8,34186335940,1173460.541
35,Taraba,58673.29887,3147864,NGTA,NGA,35,Taraba,719,998,55,1.444470944,45,1817,3147864,53.7,25,15.8,60234177920,1699598.13
36,Yobe,44956.31814,3402506,NGYO,NGA,36,Yobe,398,520,18,0.750457111,8,944,3402506,75.7,35,17.1,47387092883,1238873.978
37,Zamfara,33466.68319,4649330,NGZA,NGA,37,Zamfara,157,303,6,0.383973289,17,483,4649330,138.9,63,23.3,35223911463,1083522.434
